{"zones":[{"line":[[37.70545,-122.49822],[37.70536,-122.49818],[37.70536,-122.49818],[37.70481,-122.49792],[37.70381,-122.49746],[37.70368,-122.49741],[37.70355,-122.49736],[37.70343,-122.49732],[37.70331,-122.49729]],"rules":[{"a":"np","d":[0,1,2,3,4,5,6],"f":null,"t":null}]},{"line":[[37.70321,-122.49726],[37.70297,-122.4972],[37.70297,-122.4972],[37.70286,-122.49716],[37.70274,-122.49711],[37.70259,-122.49704]],"rules":[{"a":"np","d":[0,1,2,3,4,5,6],"f":null,"t":null}]}]}