{"zones":[{"line":[[37.7118,-122.48899],[37.71175,-122.48893],[37.71166,-122.48888],[37.71159,-122.48883],[37.7115,-122.48878],[37.70998,-122.48809],[37.70988,-122.48804],[37.70977,-122.48799],[37.70967,-122.48794],[37.70957,-122.48788],[37.70948,-122.48783],[37.70947,-122.48782],[37.70937,-122.48775],[37.70928,-122.48769],[37.70927,-122.48769],[37.70919,-122.48762],[37.70911,-122.48754],[37.70903,-122.48746],[37.70896,-122.48736],[37.70889,-122.48726],[37.70883,-122.48715],[37.70876,-122.48702],[37.70868,-122.48689],[37.70862,-122.48678],[37.70862,-122.48678],[37.70857,-122.48668],[37.70857,-122.48668],[37.70855,-122.48662]],"rules":[{"a":"np","d":[0],"f":540,"t":660},{"a":"np","d":[0,1,2,3,4,5,6],"f":1320,"t":360}]}]}