{"zones":[{"line":[[37.70982,-122.49815],[37.70969,-122.49816],[37.70951,-122.49817],[37.70932,-122.49818],[37.70911,-122.49819],[37.70891,-122.4982],[37.70871,-122.49822],[37.70853,-122.49824],[37.70853,-122.49824],[37.70833,-122.49826],[37.708,-122.4983],[37.70722,-122.4984],[37.70707,-122.49842],[37.70692,-122.49843],[37.70678,-122.49844],[37.70665,-122.49844],[37.70653,-122.49845],[37.70625,-122.49843],[37.70611,-122.49842],[37.7061,-122.49842],[37.70597,-122.49839],[37.70582,-122.49835],[37.70582,-122.49835],[37.70568,-122.49831],[37.70568,-122.49831],[37.70556,-122.49826],[37.7055,-122.49824]],"rules":[{"a":"np","d":[0,1,2,3,4,5,6],"f":null,"t":null}]},{"line":[[37.71357,-122.49841],[37.71286,-122.49837],[37.71207,-122.49832],[37.71176,-122.49831],[37.71176,-122.49831],[37.71108,-122.49827],[37.71089,-122.49826],[37.71049,-122.49824],[37.7099,-122.49824],[37.70969,-122.49825],[37.70951,-122.49826],[37.70932,-122.49827],[37.70911,-122.49828],[37.70891,-122.49829],[37.70871,-122.49831],[37.70853,-122.49833],[37.70853,-122.49833],[37.70833,-122.49835],[37.708,-122.49839],[37.70722,-122.49849],[37.70707,-122.49851],[37.70692,-122.49852],[37.70678,-122.49853],[37.70678,-122.49853],[37.70665,-122.49853],[37.70653,-122.49854],[37.70653,-122.49854],[37.70625,-122.49852],[37.7061,-122.49851],[37.70609,-122.49851],[37.70595,-122.49848],[37.7058,-122.49844],[37.70566,-122.4984],[37.70566,-122.4984],[37.70554,-122.49835],[37.70534,-122.49827],[37.70534,-122.49827],[37.70479,-122.49801],[37.70379,-122.49755],[37.70366,-122.4975],[37.70353,-122.49745],[37.70341,-122.49741],[37.70295,-122.49729],[37.70295,-122.49729],[37.70284,-122.49725],[37.70284,-122.49725],[37.70272,-122.4972],[37.70256,-122.49713]],"rules":[{"a":"np","d":[0,1,2,3,4,5,6],"f":null,"t":null}]}]}