{"zones":[{"line":[[37.71128,-122.38165],[37.71018,-122.38168],[37.71018,-122.38168],[37.7101,-122.38168],[37.71003,-122.38169],[37.70994,-122.38172],[37.70987,-122.38175],[37.7098,-122.38179],[37.70973,-122.38186],[37.70967,-122.38192],[37.70961,-122.38201],[37.70956,-122.3821],[37.70953,-122.38217],[37.70951,-122.38227],[37.70949,-122.38236]],"rules":[{"a":"np","d":[0,1,2,3,4,5,6],"f":null,"t":null}]},{"line":[[37.71252,-122.38155],[37.71192,-122.38155],[37.71018,-122.38159],[37.7101,-122.38159],[37.71002,-122.3816],[37.70992,-122.38163],[37.70984,-122.38166],[37.70976,-122.38172],[37.70968,-122.38179],[37.70962,-122.38186],[37.70956,-122.38195],[37.7095,-122.38205],[37.70946,-122.38214],[37.70944,-122.38225],[37.70942,-122.38234]],"rules":[{"a":"np","d":[0,1,2,3,4,5,6],"f":null,"t":null}]}]}