{"zones":[{"line":[[37.71553,-122.49345],[37.7155,-122.49337],[37.71544,-122.49325],[37.71537,-122.49313],[37.7153,-122.49302],[37.71523,-122.49291],[37.71516,-122.4928],[37.71509,-122.49271],[37.71501,-122.49261],[37.71493,-122.49251],[37.71485,-122.49242],[37.71477,-122.49233],[37.71468,-122.49224],[37.7146,-122.49216],[37.71451,-122.49208],[37.71441,-122.492],[37.71356,-122.49136],[37.71356,-122.49135],[37.71348,-122.49129],[37.71338,-122.49121],[37.71338,-122.49121],[37.71338,-122.49121],[37.71329,-122.49111],[37.71329,-122.49111],[37.71321,-122.491],[37.71314,-122.49089],[37.71245,-122.48984],[37.71238,-122.48974],[37.71237,-122.48973]],"rules":[{"a":"np","d":[0],"f":540,"t":660},{"a":"np","d":[0,1,2,3,4,5,6],"f":1320,"t":360}]},{"line":[[37.71552,-122.4936],[37.71548,-122.49352],[37.71544,-122.49342],[37.71538,-122.4933],[37.71532,-122.49319],[37.71525,-122.49308],[37.71518,-122.49297],[37.71511,-122.49286],[37.71504,-122.49277],[37.71496,-122.49267],[37.71488,-122.49258],[37.7148,-122.49249],[37.71472,-122.4924],[37.71463,-122.49231],[37.71456,-122.49223],[37.71447,-122.49216],[37.71437,-122.49208],[37.71352,-122.49143],[37.71352,-122.49143],[37.71344,-122.49136],[37.71334,-122.49128],[37.71334,-122.49128],[37.71324,-122.49118],[37.71324,-122.49117],[37.71316,-122.49106],[37.71309,-122.49095],[37.7124,-122.4899],[37.71233,-122.4898],[37.7122,-122.48961],[37.71202,-122.48934],[37.71196,-122.48926],[37.7119,-122.4892],[37.71184,-122.48913],[37.71177,-122.48907],[37.71171,-122.48901],[37.71163,-122.48896],[37.71156,-122.48891],[37.71148,-122.48887],[37.70996,-122.48818],[37.70986,-122.48813],[37.70975,-122.48808],[37.70964,-122.48803],[37.70954,-122.48796],[37.70945,-122.48791],[37.70944,-122.4879],[37.70944,-122.4879],[37.70934,-122.48783],[37.70924,-122.48777],[37.70924,-122.48777],[37.70915,-122.48769],[37.70915,-122.48769],[37.70906,-122.48761],[37.70898,-122.48753],[37.70898,-122.48753],[37.70898,-122.48753],[37.70891,-122.48742],[37.70884,-122.48732],[37.70877,-122.4872],[37.7087,-122.48707],[37.70866,-122.487]],"rules":[{"a":"np","d":[0,1,2,3,4,5,6],"f":null,"t":null}]},{"line":[[37.71228,-122.4896],[37.71225,-122.48955],[37.71207,-122.48928],[37.71201,-122.4892],[37.71195,-122.48913],[37.71193,-122.48911]],"rules":[{"a":"np","d":[0,1,2,3,4,5,6],"f":null,"t":null}]}]}