{"zones":[{"line":[[37.71458,-122.48468],[37.71444,-122.48042]],"rules":[{"a":"np","d":[0,1,2,3,4,5,6],"f":null,"t":null}]},{"line":[[37.71465,-122.48468],[37.71451,-122.48041]],"rules":[{"a":"np","d":[0,1,2,3,4,5,6],"f":null,"t":null}]}]}