{"zones":[{"line":[[37.71411,-122.48526],[37.71459,-122.48524],[37.7146,-122.48524]],"rules":[{"a":"np","d":[0,1,2,3,4,5,6],"f":null,"t":null}]},{"line":[[37.71374,-122.48528],[37.71376,-122.48528],[37.71376,-122.48528],[37.7141,-122.48526]],"rules":[{"a":"np","d":[0,1,2,3,4,5,6],"f":null,"t":null}]},{"line":[[37.713,-122.48527],[37.71349,-122.48522],[37.71359,-122.4852],[37.71359,-122.4852],[37.71368,-122.4852],[37.71376,-122.48519],[37.71376,-122.48519],[37.7141,-122.48517]],"rules":[{"a":"np","d":[0,1,2,3,4,5,6],"f":null,"t":null}]},{"line":[[37.71336,-122.48543],[37.71317,-122.48543],[37.71317,-122.48543],[37.71317,-122.48543],[37.713,-122.48537]],"rules":[{"a":"np","d":[0,1,2,3,4,5,6],"f":null,"t":null}]}]}