{"zones":[{"line":[[37.7137,-122.49833],[37.71286,-122.49828],[37.71207,-122.49823],[37.71176,-122.49822],[37.71108,-122.49818],[37.71089,-122.49817],[37.71049,-122.49815],[37.70998,-122.49815]],"rules":[{"a":"np","d":[0,1,2,3,4,5,6],"f":null,"t":null}]}]}