{"zones":[{"line":[[37.71986,-122.42403],[37.71983,-122.42385]],"rules":[{"a":"np","d":[1],"f":420,"t":480}]},{"line":[[37.71823,-122.42584],[37.71821,-122.4258],[37.7182,-122.42578],[37.71813,-122.42569],[37.71813,-122.42569],[37.71807,-122.42562],[37.71801,-122.42557],[37.71793,-122.42551],[37.71747,-122.42525],[37.71747,-122.42525],[37.71747,-122.42525],[37.71745,-122.42524],[37.71738,-122.42516],[37.71731,-122.42509],[37.71731,-122.42508],[37.71725,-122.425],[37.71718,-122.42489],[37.71718,-122.42489],[37.71714,-122.42479],[37.71709,-122.42467],[37.71706,-122.42455],[37.71706,-122.42455],[37.71704,-122.42443],[37.71704,-122.42443],[37.71703,-122.42431],[37.71703,-122.42406],[37.71703,-122.42405],[37.71706,-122.42392],[37.71709,-122.4238],[37.71709,-122.4238],[37.7172,-122.42357],[37.71743,-122.42315],[37.71743,-122.42315],[37.71751,-122.42301],[37.7178,-122.42248]],"rules":[{"a":"np","d":[0,1,2,3,4,5,6],"f":null,"t":null}]}]}