{"zones":[{"line":[[37.72454,-122.49763],[37.72441,-122.49752],[37.72441,-122.49752],[37.72434,-122.49745],[37.72426,-122.49737],[37.72426,-122.49737],[37.72419,-122.49728],[37.72413,-122.4972],[37.72413,-122.4972],[37.72407,-122.4971],[37.72402,-122.49701],[37.72402,-122.49701],[37.72397,-122.4969],[37.72393,-122.49679],[37.72388,-122.49666],[37.72388,-122.49666],[37.7238,-122.49643],[37.72377,-122.49629],[37.72374,-122.49616],[37.72374,-122.49616],[37.72372,-122.49603],[37.72372,-122.49603],[37.72372,-122.49566],[37.72373,-122.49551],[37.72376,-122.49528]],"rules":[{"a":"np","d":[0,1,2,3,4,5,6],"f":null,"t":null}]},{"line":[[37.72453,-122.49773],[37.72437,-122.49759],[37.72429,-122.49752],[37.72421,-122.49744],[37.72421,-122.49744],[37.72414,-122.49734],[37.72408,-122.49726],[37.72402,-122.49716],[37.72396,-122.49706],[37.72396,-122.49706],[37.7239,-122.49694],[37.72386,-122.49683],[37.72381,-122.4967],[37.72373,-122.49646],[37.72373,-122.49646],[37.7237,-122.49631],[37.72367,-122.49618],[37.72367,-122.49618],[37.72365,-122.49605],[37.72365,-122.49566],[37.72366,-122.4955],[37.72369,-122.49526]],"rules":[{"a":"np","d":[0,1,2,3,4,5,6],"f":null,"t":null}]}]}