{"zones":[{"line":[[37.73336,-122.50712],[37.73327,-122.50714],[37.73316,-122.50716],[37.73304,-122.50718],[37.73293,-122.50719],[37.73293,-122.50719],[37.73267,-122.50719],[37.73254,-122.50718],[37.73242,-122.50717],[37.73242,-122.50717],[37.7323,-122.50715],[37.73229,-122.50715],[37.73217,-122.50712],[37.73205,-122.50709],[37.7316,-122.50697],[37.73138,-122.50691],[37.7312,-122.50687],[37.7312,-122.50687],[37.73104,-122.50683],[37.73091,-122.50681],[37.7308,-122.50679],[37.73066,-122.50677],[37.73055,-122.50675],[37.73045,-122.50672],[37.73033,-122.50669],[37.73021,-122.50666],[37.73021,-122.50666],[37.72997,-122.50658],[37.72985,-122.50655],[37.72972,-122.50653],[37.72961,-122.50651],[37.7295,-122.50649],[37.72933,-122.50647],[37.7292,-122.50645],[37.72836,-122.50634],[37.72815,-122.5063],[37.72802,-122.50628],[37.72801,-122.50628],[37.7279,-122.50625],[37.72777,-122.50621],[37.72765,-122.50617],[37.72765,-122.50617],[37.72752,-122.50611],[37.72739,-122.50605],[37.72729,-122.506],[37.72725,-122.50598],[37.72713,-122.5059],[37.72713,-122.5059],[37.72689,-122.50572],[37.72677,-122.50564],[37.72677,-122.50564],[37.72666,-122.50554],[37.72656,-122.50544],[37.72656,-122.50544],[37.72646,-122.50533],[37.72636,-122.50521],[37.72625,-122.50507],[37.72616,-122.50493],[37.72604,-122.50472],[37.72569,-122.50411],[37.72546,-122.50372]],"rules":[{"a":"np","d":[0,1,2,3,4,5,6],"f":null,"t":null}]},{"line":[[37.72875,-122.50626],[37.72963,-122.50639],[37.72998,-122.50643]],"rules":[{"a":"np","d":[0,1,2,3,4,5,6],"f":null,"t":null}]},{"line":[[37.73336,-122.50712],[37.73327,-122.50714],[37.73316,-122.50716],[37.73304,-122.50718],[37.73293,-122.50719],[37.73293,-122.50719],[37.73267,-122.50719],[37.73254,-122.50718],[37.73242,-122.50717],[37.73242,-122.50717],[37.7323,-122.50715],[37.73229,-122.50715],[37.73217,-122.50712],[37.73205,-122.50709],[37.7316,-122.50697],[37.73138,-122.50691],[37.7312,-122.50687],[37.7312,-122.50687],[37.73104,-122.50683],[37.73091,-122.50681],[37.7308,-122.50679],[37.73066,-122.50677],[37.73055,-122.50675],[37.73045,-122.50672],[37.73033,-122.50669],[37.73021,-122.50666],[37.73021,-122.50666],[37.72997,-122.50658],[37.72985,-122.50655],[37.72972,-122.50653],[37.72961,-122.50651],[37.7295,-122.50649],[37.72933,-122.50647],[37.7292,-122.50645],[37.72836,-122.50634],[37.72815,-122.5063],[37.72802,-122.50628],[37.72801,-122.50628],[37.7279,-122.50625],[37.72777,-122.50621],[37.72765,-122.50617],[37.72765,-122.50617],[37.72752,-122.50611],[37.72739,-122.50605],[37.72729,-122.506],[37.72725,-122.50598],[37.72713,-122.5059],[37.72713,-122.5059],[37.72689,-122.50572],[37.72677,-122.50564],[37.72677,-122.50564],[37.72666,-122.50554],[37.72656,-122.50544],[37.72656,-122.50544],[37.72646,-122.50533],[37.72636,-122.50521],[37.72625,-122.50507],[37.72616,-122.50493],[37.72604,-122.50472],[37.72569,-122.50411],[37.72546,-122.50372]],"rules":[{"a":"np","d":[0,1,2,3,4,5,6],"f":null,"t":null}]},{"line":[[37.72584,-122.50406],[37.72628,-122.50483],[37.72636,-122.50497],[37.72645,-122.50512],[37.72653,-122.50524],[37.72662,-122.50535],[37.72672,-122.50546],[37.72681,-122.50556],[37.72692,-122.50567],[37.72703,-122.50576],[37.72716,-122.50585],[37.72727,-122.50594],[37.7274,-122.50601],[37.72752,-122.50608],[37.72765,-122.50613],[37.72777,-122.50618],[37.72789,-122.50622],[37.72803,-122.50625],[37.72816,-122.50628],[37.72838,-122.5063],[37.72963,-122.50648],[37.73072,-122.50662],[37.73089,-122.50664],[37.73089,-122.50664],[37.73106,-122.50667],[37.73122,-122.5067],[37.73161,-122.5068],[37.7324,-122.50699],[37.73256,-122.50703],[37.7327,-122.50705],[37.73282,-122.50707],[37.73293,-122.50708],[37.73305,-122.50709],[37.73326,-122.50709],[37.73337,-122.50708],[37.73348,-122.50706],[37.73357,-122.50705]],"rules":[{"a":"np","d":[0,1,2,3,4,5,6],"f":null,"t":null}]}]}