{"zones":[{"line":[[37.72566,-122.48129],[37.72558,-122.48113]],"rules":[{"a":"ms","d":[0,1,2,3,4],"f":1020,"t":420,"m":120}]},{"line":[[37.72558,-122.48113],[37.72545,-122.48087],[37.72545,-122.48087],[37.72542,-122.48078],[37.72542,-122.48077],[37.72542,-122.4807],[37.72542,-122.4807],[37.72542,-122.4807],[37.72542,-122.4807],[37.72547,-122.48065]],"rules":[{"a":"np","d":[0,1,2,3,4,5,6],"f":null,"t":null}]}]}