{"zones":[{"line":[[37.73385,-122.50699],[37.73399,-122.50696],[37.73478,-122.50678],[37.73488,-122.50676],[37.73497,-122.50674],[37.73506,-122.50673],[37.73509,-122.50673],[37.73531,-122.50671],[37.73532,-122.50671]],"rules":[{"a":"np","d":[0,1,2,3,4,5,6],"f":null,"t":null}]},{"line":[[37.73343,-122.50698],[37.73348,-122.50697],[37.73348,-122.50697],[37.73359,-122.50696],[37.73371,-122.50693],[37.73397,-122.50687],[37.73476,-122.50669],[37.73486,-122.50667],[37.73496,-122.50665],[37.73497,-122.50665],[37.73506,-122.50664],[37.73506,-122.50664],[37.73509,-122.50664],[37.73531,-122.50662],[37.73531,-122.50662],[37.73536,-122.50662]],"rules":[{"a":"np","d":[0,1,2,3,4,5,6],"f":null,"t":null}]},{"line":[[37.7353,-122.50688],[37.7352,-122.50688],[37.7352,-122.50688],[37.73508,-122.50687],[37.73496,-122.50688],[37.73485,-122.50689],[37.73476,-122.5069],[37.73465,-122.50692],[37.73454,-122.50694],[37.73405,-122.50706],[37.73405,-122.50706],[37.73364,-122.50715],[37.73351,-122.50718],[37.73339,-122.50721],[37.73339,-122.50721],[37.73328,-122.50723],[37.73317,-122.50725],[37.73305,-122.50727],[37.73304,-122.50727],[37.73293,-122.50728],[37.73267,-122.50728],[37.73267,-122.50728],[37.73254,-122.50727],[37.73242,-122.50726],[37.73228,-122.50724],[37.73215,-122.50721],[37.73203,-122.50718],[37.73158,-122.50706],[37.73136,-122.507],[37.73118,-122.50696],[37.73102,-122.50692],[37.7309,-122.5069],[37.73079,-122.50688],[37.73066,-122.50686],[37.73053,-122.50684],[37.73053,-122.50684],[37.73043,-122.50681],[37.73031,-122.50678],[37.73019,-122.50675],[37.73019,-122.50675],[37.72995,-122.50667],[37.72983,-122.50664],[37.72971,-122.50662],[37.7296,-122.5066],[37.7295,-122.50658],[37.72933,-122.50656],[37.7292,-122.50654],[37.72836,-122.50643],[37.72815,-122.50639],[37.728,-122.50637],[37.728,-122.50637],[37.72788,-122.50634],[37.72775,-122.5063],[37.72775,-122.5063],[37.72763,-122.50626],[37.7275,-122.5062],[37.72737,-122.50614],[37.72727,-122.50609],[37.72722,-122.50607],[37.72709,-122.50598],[37.72709,-122.50598],[37.72685,-122.5058],[37.72673,-122.50571],[37.72662,-122.50561],[37.72651,-122.50551],[37.72641,-122.5054],[37.72631,-122.50528],[37.7262,-122.50513],[37.72611,-122.50499],[37.72611,-122.50499],[37.72598,-122.50477],[37.72563,-122.50416],[37.7254,-122.50377]],"rules":[{"a":"np","d":[0,1,2,3,4,5,6],"f":null,"t":null}]},{"line":[[37.73531,-122.50679],[37.7352,-122.50679],[37.73508,-122.50678],[37.73496,-122.50679],[37.73485,-122.5068],[37.73475,-122.50681],[37.73464,-122.50683],[37.73453,-122.50685],[37.73404,-122.50697],[37.73363,-122.50706],[37.73349,-122.50709],[37.73338,-122.50712],[37.73337,-122.50712],[37.73336,-122.50712]],"rules":[{"a":"np","d":[0,1,2,3,4,5,6],"f":null,"t":null}]},{"line":[[37.73027,-122.50647],[37.73072,-122.50653],[37.7309,-122.50655],[37.73107,-122.50658],[37.73123,-122.50661],[37.73163,-122.50671],[37.73242,-122.5069],[37.73257,-122.50694],[37.73271,-122.50696],[37.73282,-122.50698],[37.73293,-122.50699],[37.73305,-122.507],[37.73314,-122.507]],"rules":[{"a":"np","d":[0,1,2,3,4,5,6],"f":null,"t":null}]},{"line":[[37.73533,-122.50688],[37.7352,-122.50688],[37.7352,-122.50688],[37.73508,-122.50687],[37.73496,-122.50688],[37.73485,-122.50689],[37.73476,-122.5069],[37.73465,-122.50692],[37.73454,-122.50694],[37.73405,-122.50706],[37.73405,-122.50706],[37.73364,-122.50715],[37.73351,-122.50718],[37.73339,-122.50721],[37.73339,-122.50721],[37.73328,-122.50723],[37.73317,-122.50725],[37.73305,-122.50727],[37.73304,-122.50727],[37.73293,-122.50728],[37.73267,-122.50728],[37.73267,-122.50728],[37.73254,-122.50727],[37.73242,-122.50726],[37.73228,-122.50724],[37.73215,-122.50721],[37.73203,-122.50718],[37.73158,-122.50706],[37.73136,-122.507],[37.73118,-122.50696],[37.73102,-122.50692],[37.7309,-122.5069],[37.73079,-122.50688],[37.73066,-122.50686],[37.73053,-122.50684],[37.73053,-122.50684],[37.73043,-122.50681],[37.73031,-122.50678],[37.73019,-122.50675],[37.73019,-122.50675],[37.72995,-122.50667],[37.72983,-122.50664],[37.72971,-122.50662],[37.7296,-122.5066],[37.7295,-122.50658],[37.72933,-122.50656],[37.7292,-122.50654],[37.72836,-122.50643],[37.72815,-122.50639],[37.728,-122.50637],[37.728,-122.50637],[37.72788,-122.50634],[37.72775,-122.5063],[37.72775,-122.5063],[37.72763,-122.50626],[37.7275,-122.5062],[37.72737,-122.50614],[37.72727,-122.50609],[37.72722,-122.50607],[37.72709,-122.50598],[37.72709,-122.50598],[37.72685,-122.5058],[37.72673,-122.50571],[37.72662,-122.50561],[37.72651,-122.50551],[37.72641,-122.5054],[37.72631,-122.50528],[37.7262,-122.50513],[37.72611,-122.50499],[37.72611,-122.50499],[37.72598,-122.50477],[37.72563,-122.50416],[37.7254,-122.50377]],"rules":[{"a":"np","d":[0,1,2,3,4,5,6],"f":null,"t":null}]},{"line":[[37.73526,-122.50679],[37.7352,-122.50679],[37.73508,-122.50678],[37.73496,-122.50679],[37.73485,-122.5068],[37.73475,-122.50681],[37.73464,-122.50683],[37.73453,-122.50685],[37.73404,-122.50697],[37.73363,-122.50706],[37.73349,-122.50709],[37.73338,-122.50712],[37.73337,-122.50712],[37.73336,-122.50712]],"rules":[{"a":"np","d":[0,1,2,3,4,5,6],"f":null,"t":null}]}]}