{"zones":[{"line":[[37.7461,-122.37908],[37.74615,-122.37829],[37.74564,-122.37827],[37.74547,-122.37824]],"rules":[{"a":"np","d":[0,1,2,3,4,5,6],"f":null,"t":null}]},{"line":[[37.74537,-122.37811],[37.74534,-122.3781],[37.74534,-122.3781],[37.74529,-122.37808],[37.74529,-122.37808],[37.74518,-122.37803],[37.74503,-122.37795],[37.74503,-122.37795],[37.74501,-122.37793],[37.745,-122.37793],[37.74489,-122.37784],[37.74474,-122.37772],[37.74378,-122.37681],[37.74375,-122.37678],[37.74341,-122.37646]],"rules":[{"a":"np","d":[0,1,2,3,4,5,6],"f":null,"t":null}]},{"line":[[37.74595,-122.38169],[37.74602,-122.38048]],"rules":[{"a":"np","d":[0,1,2,3,4,5,6],"f":null,"t":null}]},{"line":[[37.74622,-122.37826],[37.74622,-122.37826],[37.74564,-122.37818],[37.74564,-122.37818],[37.74558,-122.37817]],"rules":[{"a":"np","d":[0,1,2,3,4,5,6],"f":null,"t":null}]}]}