{"zones":[{"line":[[37.75944,-122.4605],[37.75939,-122.46049],[37.75939,-122.46049],[37.75932,-122.46046],[37.75931,-122.46046],[37.75931,-122.46046],[37.75929,-122.46044],[37.75929,-122.46043],[37.75928,-122.46043],[37.75928,-122.46043],[37.75927,-122.4604],[37.75927,-122.46039],[37.75927,-122.46039],[37.75928,-122.46033],[37.75928,-122.46033],[37.75928,-122.46033],[37.7593,-122.46031],[37.7593,-122.46031],[37.7593,-122.46031],[37.7593,-122.46031],[37.7593,-122.46031],[37.75934,-122.46029],[37.75934,-122.46029],[37.75934,-122.46029],[37.75934,-122.46029],[37.75937,-122.46029],[37.75938,-122.46029],[37.75938,-122.4603],[37.75938,-122.4603],[37.7594,-122.46032],[37.75943,-122.46035],[37.75943,-122.46035],[37.75954,-122.46053]],"rules":[{"a":"np","d":[0,1,2,3,4,5,6],"f":null,"t":null}]},{"line":[[37.75989,-122.46155],[37.75988,-122.46153],[37.75988,-122.46153],[37.75983,-122.46143],[37.75983,-122.46143],[37.75983,-122.46143],[37.75981,-122.46133],[37.7598,-122.46122],[37.7598,-122.46122],[37.7598,-122.46122],[37.75984,-122.46114],[37.75987,-122.46106],[37.75987,-122.46106],[37.75992,-122.461],[37.75992,-122.461],[37.75992,-122.461],[37.76012,-122.46087],[37.76013,-122.46086]],"rules":[{"a":"np","d":[0,1,2,3,4,5,6],"f":null,"t":null}]},{"line":[[37.75554,-122.45939],[37.75556,-122.45941],[37.75562,-122.45944],[37.75567,-122.45948],[37.75574,-122.4595],[37.75579,-122.45951],[37.75594,-122.45953]],"rules":[{"a":"np","d":[0,1,2,3,4,5,6],"f":null,"t":null}]},{"line":[[37.75879,-122.45491],[37.75887,-122.45494],[37.75887,-122.45494],[37.75888,-122.45495],[37.75894,-122.45497],[37.75894,-122.45497],[37.75894,-122.45498],[37.759,-122.45502],[37.759,-122.45502],[37.75904,-122.45508],[37.75904,-122.45508],[37.75904,-122.45508],[37.75908,-122.45516],[37.75908,-122.45516],[37.7591,-122.45525],[37.7591,-122.45525],[37.7591,-122.45571],[37.75911,-122.45585],[37.75912,-122.45598],[37.75918,-122.45624],[37.75928,-122.45664],[37.75931,-122.45672],[37.75935,-122.4568],[37.7594,-122.45686],[37.75946,-122.45692],[37.75952,-122.45695],[37.75958,-122.45696],[37.75958,-122.45696],[37.7596,-122.45697],[37.75961,-122.45696],[37.75961,-122.45696],[37.75961,-122.45696],[37.75968,-122.45695],[37.75975,-122.45692],[37.7598,-122.45687],[37.75986,-122.45681],[37.75991,-122.45673],[37.76013,-122.45635],[37.76013,-122.45635],[37.76019,-122.45627],[37.76024,-122.45619],[37.76024,-122.45619],[37.76033,-122.45611],[37.76033,-122.45611],[37.76036,-122.45608],[37.76036,-122.45608],[37.76036,-122.45608],[37.76037,-122.45608],[37.76043,-122.45606],[37.76043,-122.45606],[37.76051,-122.45605],[37.76051,-122.45605],[37.76059,-122.45605],[37.76059,-122.45605],[37.76059,-122.45605],[37.76067,-122.45608],[37.76067,-122.45608],[37.76067,-122.45608],[37.76073,-122.45612],[37.76076,-122.45613],[37.76076,-122.45614],[37.76076,-122.45614],[37.76076,-122.45614],[37.76076,-122.45614],[37.76081,-122.4562]],"rules":[{"a":"np","d":[0,1,2,3,4,5,6],"f":null,"t":null}]},{"line":[[37.75954,-122.46037],[37.75962,-122.4605]],"rules":[{"a":"np","d":[2],"f":720,"t":840}]},{"line":[[37.75877,-122.455],[37.75885,-122.45503],[37.75886,-122.45503],[37.75891,-122.45506],[37.75891,-122.45506],[37.75895,-122.45509],[37.75895,-122.45509],[37.75899,-122.45514],[37.75899,-122.45514],[37.75901,-122.45519],[37.75901,-122.4552],[37.75903,-122.45527],[37.75903,-122.45527],[37.75903,-122.45527],[37.75903,-122.45571],[37.75904,-122.45585],[37.75905,-122.456],[37.75911,-122.45626],[37.75921,-122.45667],[37.75924,-122.45677],[37.7593,-122.45686],[37.75935,-122.45693],[37.75943,-122.45699],[37.75949,-122.45704],[37.75956,-122.45705],[37.75957,-122.45705],[37.7596,-122.45706],[37.75963,-122.45705],[37.75963,-122.45705],[37.75963,-122.45705],[37.7597,-122.45704],[37.75978,-122.45701],[37.75985,-122.45694],[37.75991,-122.45687],[37.75996,-122.45678],[37.76018,-122.45641],[37.76018,-122.45641],[37.76024,-122.45633],[37.76029,-122.45626],[37.76029,-122.45626],[37.76033,-122.45622]],"rules":[{"a":"np","d":[0,1,2,3,4,5,6],"f":null,"t":null}]},{"line":[[37.75987,-122.46059],[37.75986,-122.46059],[37.75986,-122.46059],[37.75986,-122.46059],[37.75966,-122.46054],[37.75966,-122.46054],[37.75966,-122.46054],[37.75961,-122.46051]],"rules":[{"a":"np","d":[2],"f":720,"t":840}]},{"line":[[37.75936,-122.46057],[37.75928,-122.46054],[37.75928,-122.46054],[37.75928,-122.46054],[37.75928,-122.46054],[37.75923,-122.46049],[37.75923,-122.46049],[37.75923,-122.46049],[37.7592,-122.46041],[37.7592,-122.46041],[37.7592,-122.4604],[37.75921,-122.4603],[37.75921,-122.4603],[37.75921,-122.4603],[37.75921,-122.4603],[37.75921,-122.4603],[37.75927,-122.46022]],"rules":[{"a":"np","d":[0,1,2,3,4,5,6],"f":null,"t":null}]}]}