{"zones":[{"line":[[37.79443,-122.47356],[37.79441,-122.47367],[37.79441,-122.47367],[37.79441,-122.47367],[37.79424,-122.47399],[37.79408,-122.47428]],"rules":[{"a":"np","d":[0,1,2,3,4,5,6],"f":null,"t":null}]},{"line":[[37.79449,-122.47227],[37.79442,-122.47239],[37.79439,-122.47253],[37.7944,-122.47268],[37.7944,-122.47271],[37.79444,-122.47334],[37.79444,-122.47338]],"rules":[{"a":"np","d":[0,1,2,3,4,5,6],"f":null,"t":null}]},{"line":[[37.7951,-122.46925],[37.79508,-122.46923],[37.79499,-122.46914],[37.79492,-122.46903],[37.79492,-122.46903],[37.79492,-122.46903],[37.79492,-122.46903],[37.79488,-122.4689],[37.79488,-122.4689],[37.79488,-122.4689],[37.79489,-122.46878],[37.79491,-122.46869],[37.79491,-122.46868],[37.79494,-122.46861],[37.79494,-122.46861],[37.79499,-122.46851],[37.79499,-122.4685],[37.79513,-122.46835]],"rules":[{"a":"np","d":[0,1,2,3,4,5,6],"f":null,"t":null}]},{"line":[[37.79447,-122.47216],[37.79435,-122.47235],[37.79432,-122.47251],[37.79433,-122.47268],[37.79433,-122.47271],[37.79435,-122.47303]],"rules":[{"a":"np","d":[0,1,2,3,4,5,6],"f":null,"t":null}]}]}