{"zones":[{"line":[[37.79451,-122.39321],[37.79467,-122.39338],[37.79479,-122.39351],[37.79491,-122.39363],[37.79504,-122.39374],[37.79525,-122.39394],[37.79535,-122.39403],[37.79586,-122.3945],[37.796,-122.39461]],"rules":[{"a":"np","d":[0,1,2,3,4,5,6],"f":null,"t":null}]}]}