{"zones":[{"line":[[37.79967,-122.46716],[37.79969,-122.46716],[37.79971,-122.46716],[37.79975,-122.46716],[37.7999,-122.46717],[37.80005,-122.46717],[37.80013,-122.46716],[37.80048,-122.46711],[37.80096,-122.46705],[37.80109,-122.46703],[37.8011,-122.46703]],"rules":[{"a":"np","d":[0,1,2,3,4,5,6],"f":null,"t":null}]},{"line":[[37.79966,-122.46729],[37.79967,-122.46733],[37.79969,-122.46745],[37.79972,-122.46756],[37.79976,-122.46768],[37.79978,-122.46773],[37.79982,-122.46779],[37.79986,-122.46783],[37.7999,-122.46786],[37.79995,-122.46788],[37.79995,-122.46788],[37.80002,-122.46791],[37.80009,-122.46792],[37.80009,-122.46792],[37.80017,-122.46794],[37.80028,-122.46798],[37.80028,-122.46798],[37.80034,-122.468],[37.80034,-122.468],[37.80039,-122.46802],[37.8004,-122.46802],[37.80045,-122.46806],[37.80045,-122.46806],[37.80051,-122.46811],[37.80055,-122.46817],[37.80055,-122.46817],[37.80059,-122.46823],[37.80064,-122.46831],[37.80064,-122.46832],[37.80068,-122.46842],[37.80085,-122.46887],[37.80087,-122.46893],[37.80087,-122.46893],[37.80089,-122.46898],[37.80093,-122.46903],[37.80096,-122.46907],[37.80099,-122.46911]],"rules":[{"a":"np","d":[0,1,2,3,4,5,6],"f":null,"t":null}]},{"line":[[37.80168,-122.46354],[37.8018,-122.46392],[37.80182,-122.46399],[37.80184,-122.46408],[37.80184,-122.46408],[37.80185,-122.46417],[37.80185,-122.46424],[37.80185,-122.46424],[37.80184,-122.46433],[37.80184,-122.46433],[37.80183,-122.4644],[37.80181,-122.46449],[37.80178,-122.46457],[37.80175,-122.46465],[37.80175,-122.46465],[37.8017,-122.46472],[37.80166,-122.46479],[37.80166,-122.46479],[37.80166,-122.46479],[37.80161,-122.46486],[37.80151,-122.46496],[37.80145,-122.46501],[37.80145,-122.46501],[37.80145,-122.46501],[37.80138,-122.46505],[37.80132,-122.4651],[37.80132,-122.4651],[37.80124,-122.46513],[37.80116,-122.46516],[37.80109,-122.46519],[37.80109,-122.46519],[37.80102,-122.4652],[37.80095,-122.46522],[37.80089,-122.46524],[37.80083,-122.46527],[37.80077,-122.4653],[37.80073,-122.46535],[37.80068,-122.46541],[37.80064,-122.46546],[37.80062,-122.4655],[37.8006,-122.46556],[37.80059,-122.4656],[37.80055,-122.4658],[37.80055,-122.4658],[37.80053,-122.46588],[37.80051,-122.46595],[37.80051,-122.46595],[37.80046,-122.46602],[37.80043,-122.46608],[37.80043,-122.46608],[37.80043,-122.46608],[37.80039,-122.46612],[37.80035,-122.46616],[37.80029,-122.4662],[37.80029,-122.4662],[37.80018,-122.46627],[37.80006,-122.46634],[37.79996,-122.46642],[37.79992,-122.46648],[37.79987,-122.46653],[37.79983,-122.46658],[37.79979,-122.46664],[37.79976,-122.46672],[37.79973,-122.4668],[37.7997,-122.46688],[37.79967,-122.46697],[37.79965,-122.46704],[37.79964,-122.46712],[37.79964,-122.46715]],"rules":[{"a":"np","d":[0,1,2,3,4,5,6],"f":null,"t":null}]},{"line":[[37.80252,-122.46689],[37.80255,-122.4669],[37.80255,-122.4669],[37.80258,-122.46691],[37.80258,-122.46692],[37.80293,-122.46722]],"rules":[{"a":"np","d":[0,1,2,3,4,5,6],"f":null,"t":null}]},{"line":[[37.80202,-122.46901],[37.80202,-122.46899],[37.80202,-122.46899],[37.80202,-122.469],[37.80203,-122.46897],[37.80203,-122.46897],[37.80205,-122.46893],[37.80207,-122.46887],[37.80207,-122.46887],[37.80216,-122.46868],[37.80218,-122.46862],[37.8022,-122.46855],[37.80221,-122.46849],[37.80222,-122.46842],[37.80223,-122.46833],[37.80223,-122.46825],[37.80222,-122.46818],[37.80221,-122.46811],[37.80219,-122.46803],[37.80216,-122.46797]],"rules":[{"a":"np","d":[0,1,2,3,4,5,6],"f":null,"t":null}]},{"line":[[37.80174,-122.46697],[37.80177,-122.46697],[37.80214,-122.46693]],"rules":[{"a":"np","d":[0,1,2,3,4,5,6],"f":null,"t":null}]},{"line":[[37.80195,-122.46901],[37.80195,-122.46899],[37.80195,-122.46898],[37.80196,-122.46893],[37.80196,-122.46893],[37.80198,-122.46889],[37.802,-122.46883],[37.802,-122.46883],[37.80209,-122.46864],[37.80211,-122.46858],[37.80213,-122.46852],[37.80214,-122.46847],[37.80215,-122.4684],[37.80216,-122.46833],[37.80216,-122.46827],[37.80215,-122.4682],[37.80214,-122.46813],[37.80212,-122.46807],[37.80212,-122.46806]],"rules":[{"a":"np","d":[0,1,2,3,4,5,6],"f":null,"t":null}]},{"line":[[37.8025,-122.46698],[37.80253,-122.46699],[37.80255,-122.467],[37.80255,-122.467],[37.80326,-122.46761],[37.80326,-122.46761],[37.80331,-122.46767],[37.80336,-122.46773],[37.8034,-122.46779]],"rules":[{"a":"np","d":[0,1,2,3,4,5,6],"f":null,"t":null}]},{"line":[[37.80374,-122.46742],[37.80382,-122.46751],[37.80393,-122.46761],[37.80403,-122.46772],[37.80412,-122.4678],[37.8042,-122.46787],[37.80428,-122.46794],[37.80437,-122.468],[37.80445,-122.46805],[37.80455,-122.46811],[37.80466,-122.46817],[37.80478,-122.46824],[37.80484,-122.46827],[37.80496,-122.46834],[37.80507,-122.4684],[37.8052,-122.46845],[37.80531,-122.4685],[37.80543,-122.46854],[37.80555,-122.46858],[37.80561,-122.4686],[37.80581,-122.46866],[37.80581,-122.46866],[37.80584,-122.46867],[37.80622,-122.46877],[37.80623,-122.46877]],"rules":[{"a":"np","d":[0,1,2,3,4,5,6],"f":null,"t":null}]},{"line":[[37.80149,-122.46264],[37.80149,-122.46264],[37.80149,-122.46285],[37.8015,-122.46292],[37.80151,-122.463],[37.80152,-122.46302]],"rules":[{"a":"ms","d":[0,1,2,3,4,5,6],"f":480,"t":1080,"m":180}]},{"line":[[37.80173,-122.46706],[37.80177,-122.46706],[37.80214,-122.46702]],"rules":[{"a":"np","d":[0,1,2,3,4,5,6],"f":null,"t":null}]},{"line":[[37.80194,-122.46766],[37.80192,-122.46764],[37.80191,-122.46762],[37.80191,-122.46762],[37.80191,-122.46762],[37.80173,-122.46708]],"rules":[{"a":"np","d":[0,1,2,3,4,5,6],"f":null,"t":null}]},{"line":[[37.7996,-122.46733],[37.7996,-122.46735],[37.79962,-122.46747],[37.79965,-122.46759],[37.79969,-122.46772],[37.79973,-122.46778],[37.79977,-122.46785],[37.79981,-122.4679],[37.79987,-122.46795],[37.79993,-122.46797],[37.79993,-122.46797],[37.8,-122.468],[37.80007,-122.46801],[37.80008,-122.46801],[37.80015,-122.46803],[37.80026,-122.46807],[37.80032,-122.46809],[37.80037,-122.46811],[37.80042,-122.46814],[37.80042,-122.46814],[37.80046,-122.46818],[37.80046,-122.46818],[37.8005,-122.46823],[37.8005,-122.46823],[37.80054,-122.46828],[37.80057,-122.46836],[37.80057,-122.46836],[37.80061,-122.46846],[37.80078,-122.46891],[37.8008,-122.46897],[37.80081,-122.46897],[37.80084,-122.46904],[37.80088,-122.46909],[37.80091,-122.46914],[37.80094,-122.46917]],"rules":[{"a":"np","d":[0,1,2,3,4,5,6],"f":null,"t":null}]},{"line":[[37.80105,-122.46713],[37.80109,-122.46712],[37.80162,-122.46707],[37.80165,-122.46706]],"rules":[{"a":"np","d":[0,1,2,3,4,5,6],"f":null,"t":null}]},{"line":[[37.80163,-122.46364],[37.80173,-122.46395],[37.80175,-122.46402],[37.80175,-122.46402],[37.80177,-122.4641],[37.80177,-122.4641],[37.80178,-122.46417],[37.80178,-122.46417],[37.80178,-122.46424],[37.80177,-122.46431],[37.80176,-122.46438],[37.80174,-122.46445],[37.80171,-122.46453],[37.80168,-122.4646],[37.80165,-122.46467],[37.80161,-122.46473],[37.80161,-122.46473],[37.80156,-122.46479],[37.80156,-122.46479],[37.80146,-122.46489],[37.80142,-122.46493],[37.80142,-122.46493],[37.80141,-122.46493],[37.80135,-122.46497],[37.80129,-122.46501],[37.80129,-122.46501],[37.80122,-122.46504],[37.80114,-122.46507],[37.80108,-122.4651],[37.80107,-122.4651],[37.80107,-122.4651],[37.80101,-122.46511],[37.80093,-122.46513],[37.80087,-122.46515],[37.8008,-122.46518],[37.80073,-122.46523],[37.80068,-122.46528],[37.80063,-122.46535],[37.80059,-122.4654],[37.80055,-122.46546],[37.80053,-122.46552],[37.80052,-122.46558],[37.80048,-122.46578],[37.80046,-122.46585],[37.80044,-122.46591],[37.80044,-122.46591],[37.80041,-122.46596],[37.80038,-122.46601],[37.80038,-122.46601],[37.80038,-122.46601],[37.80034,-122.46605],[37.8003,-122.46609],[37.80026,-122.46612],[37.80015,-122.46619],[37.80003,-122.46626],[37.79992,-122.46635],[37.79987,-122.46641],[37.79982,-122.46646],[37.79978,-122.46652],[37.79974,-122.46659],[37.79969,-122.46668],[37.79966,-122.46676],[37.79963,-122.46684],[37.7996,-122.46694],[37.79958,-122.46702],[37.79957,-122.46712],[37.79958,-122.46718]],"rules":[{"a":"np",