{"zones":[{"line":[[37.80585,-122.47003],[37.80588,-122.46999],[37.80588,-122.46999],[37.8059,-122.46995],[37.8059,-122.46995],[37.8059,-122.46995],[37.80594,-122.46993],[37.80594,-122.46992],[37.80599,-122.4699],[37.80599,-122.4699],[37.80602,-122.46989],[37.80607,-122.46988],[37.80607,-122.46988],[37.80607,-122.46988],[37.80614,-122.46989],[37.80614,-122.46989],[37.80621,-122.46991],[37.80621,-122.46991],[37.80629,-122.46994],[37.80629,-122.46994],[37.80629,-122.46994],[37.80638,-122.47001],[37.80645,-122.47006],[37.80653,-122.47012],[37.80653,-122.47012],[37.80661,-122.47018],[37.80667,-122.47025],[37.80673,-122.47033],[37.8068,-122.47044],[37.80688,-122.47055],[37.80688,-122.47056],[37.80697,-122.47066],[37.80703,-122.47073],[37.8071,-122.47079],[37.80718,-122.47085],[37.80725,-122.47089],[37.80732,-122.47092],[37.8074,-122.47096],[37.80748,-122.47098],[37.8076,-122.47101],[37.8076,-122.47101],[37.80771,-122.47104],[37.80781,-122.47106],[37.80798,-122.47109],[37.808,-122.47109],[37.80806,-122.4711],[37.80811,-122.47111],[37.80811,-122.47111],[37.80811,-122.47111],[37.80818,-122.47114],[37.80824,-122.47117],[37.80824,-122.47117],[37.8083,-122.47122],[37.80831,-122.47122]],"rules":[{"a":"np","d":[0,1,2,3,4,5,6],"f":null,"t":null}]},{"line":[[37.80695,-122.47254],[37.80695,-122.47258],[37.80694,-122.47268],[37.80692,-122.47279],[37.80689,-122.47292],[37.80686,-122.47303],[37.80678,-122.47335]],"rules":[{"a":"np","d":[0,1,2,3,4,5,6],"f":null,"t":null}]},{"line":[[37.80595,-122.47015],[37.80598,-122.47019],[37.80602,-122.47025],[37.80602,-122.47025],[37.80607,-122.47035],[37.80607,-122.47035],[37.8061,-122.47044],[37.80614,-122.47055],[37.80617,-122.47065],[37.80631,-122.47109],[37.80634,-122.47118],[37.80637,-122.47125]],"rules":[{"a":"np","d":[0,1,2,3,4,5,6],"f":null,"t":null}]},{"line":[[37.80835,-122.47136],[37.80841,-122.47143],[37.80841,-122.47143],[37.80848,-122.47152],[37.80859,-122.47169],[37.80859,-122.47169],[37.80863,-122.47178],[37.80868,-122.47188],[37.80868,-122.47188],[37.80871,-122.47197],[37.80875,-122.4721],[37.80879,-122.47221],[37.80882,-122.47236],[37.80885,-122.4725],[37.80887,-122.47264],[37.80889,-122.47277],[37.80889,-122.47277],[37.80891,-122.47296],[37.80893,-122.47314],[37.80895,-122.47329],[37.80896,-122.47342],[37.80896,-122.47353],[37.80895,-122.47402],[37.80896,-122.47415],[37.80897,-122.47427],[37.80903,-122.47482],[37.80903,-122.47487],[37.80904,-122.47494],[37.80906,-122.475]],"rules":[{"a":"np","d":[0,1,2,3,4,5,6],"f":null,"t":null}]},{"line":[[37.80576,-122.47338],[37.80589,-122.47352],[37.80594,-122.47356],[37.806,-122.47359],[37.80607,-122.47359],[37.80614,-122.47358],[37.80622,-122.47355],[37.80626,-122.47352]],"rules":[{"a":"np","d":[0,1,2,3,4,5,6],"f":null,"t":null}]},{"line":[[37.80637,-122.47126],[37.8064,-122.47134],[37.80643,-122.47141],[37.80644,-122.47141],[37.80648,-122.4715],[37.80653,-122.47159],[37.80653,-122.47159],[37.80662,-122.47174],[37.80666,-122.4718]],"rules":[{"a":"np","d":[0,1,2,3,4,5,6],"f":null,"t":null}]},{"line":[[37.80467,-122.47004],[37.80471,-122.47005],[37.80473,-122.47005],[37.8048,-122.47004],[37.80486,-122.47002],[37.80491,-122.46999],[37.80493,-122.46998],[37.80493,-122.46998],[37.805,-122.46996],[37.80508,-122.46993],[37.80509,-122.46993],[37.80517,-122.46992],[37.80517,-122.46992],[37.80526,-122.46992],[37.80535,-122.46993],[37.80544,-122.46994],[37.8055,-122.46996],[37.80558,-122.46998],[37.80558,-122.46998],[37.80565,-122.47001],[37.80572,-122.47004],[37.80572,-122.47004],[37.80577,-122.47007],[37.80578,-122.47007],[37.80584,-122.47013]],"rules":[{"a":"np","d":[0,1,2,3,4,5,6],"f":null,"t":null}]},{"line":[[37.80597,-122.47032],[37.806,-122.47039],[37.806,-122.47039],[37.80603,-122.47048],[37.80607,-122.47058],[37.80607,-122.47059],[37.8061,-122.47068],[37.80624,-122.47113],[37.80626,-122.47119]],"rules":[{"a":"np","d":[0,1,2,3,4,5,6],"f":null,"t":null}]},{"line":[[37.80633,-122.47138],[37.80633,-122.47139],[37.80637,-122.47146],[37.80638,-122.47146],[37.80641,-122.47155],[37.80648,-122.47164],[37.80648,-122.47165],[37.80657,-122.47179],[37.80664,-122.4719],[37.80675,-122.47208],[37.8068,-122.47216],[37.8068,-122.47216],[37.80683,-122.47225],[37.80683,-122.47225],[37.80686,-122.47233],[37.80686,-122.47233],[37.80688,-122.4724],[37.80688,-122.4724],[37.80688,-122.47258],[37.80688,-122.47258],[37.80687,-122.47266],[37.80687,-122.47266],[37.80685,-122.47277],[37.80682,-122.47289],[37.80679,-122.473],[37.80669,-122.47339]],"rules":[{"a":"np","d":[0,1,2,3,4,5,6],"f":null,"t":null}]},{"line":[[37.80673,-122.47192],[37.8068,-122.47203],[37.80685,-122.47211],[37.8069,-122.47221],[37.8069,-122.47221],[37.80693,-122.4723],[37.80695,-122.47239],[37.80695,-122.4724],[37.80695,-122.47242]],"rules":[{"a":"np","d":[0,1,2,3,4,5,6],"f":null,"t":null}]},{"line":[[37.80679,-122.47339],[37.80682,-122.4734],[37.80682,-122.4734],[37.80687,-122.47345],[37.80687,-122.47345],[37.80692,-122.47349],[37.80721,-122.47381]],"rules":[{"a":"np","d":[0,1,2,3,4,5,6],"f":null,"t":null}]},{"line":[[37.80871,-122.47177],[37.80875,-122.47184],[37.80875,-122.47184],[37.80875,-122.47184],[37.80878,-122.47194],[37.80882,-122.47206],[37.80886,-122.47218],[37.80886,-122.47218],[37.80889,-122.47234],[37.80892,-122.47248],[37.80892,-122.47248],[37.80894,-122.47262],[37.80896,-122.47275],[37.80898,-122.47294],[37.809,-122.47312],[37.80902,-122.47328],[37.80903,-122.47342],[37.80903,-122.47353],[37.80902,-122.47402],[37.80903,-122.47414],[37.80904,-122.47426],[37.8091,-122.47481],[37.8091,-122.47485],[37.80911,-122.47491],[37.80913,-122.47497]],"rules":[{"a":"np","d":[0,1,2,3,4,5,6],"f":null,"t":null}]},{"line":[[37.8057,-122.47343],[37.80584,-122.47359],[37.80591,-122.47365],[37.806,-122.47368],[37.80607,-122.47368],[37.80616,-122.47367],[37.80624,-122.47364],[37.8063,-122.4736]],"rules":[{"a":"np","d":[0,1,2,3,4,5,6],"f":null,"t":null}]},{"line":[[37.80675,-122.47347],[37.80679,-122.47349],[37.80679,-122.47349],[37.80683,-122.47352],[37.80687,-122.47356],[37.80715,-122.47387]],"rules":[{"a":"np","d":[0,1,2,3,4,5,6],"f":null,"t":null}]},{"line":[[37.80722,-122.47395],[37.80723,-122.47396],[37.80726,-122.47399],[37.80736,-122.47411],[37.80741,-122.47417],[37.80741,-122.47417],[37.80745,-122.47423],[37.80749,-122.47429],[37.80751,-122.47432]],"rules":[{"a":"np","d":[0,1,2,3,4,5,6],"f":null,"t":null}]}]}