{"zones":[{"line":[[37.81019,-122.41774],[37.81099,-122.41894]],"rules":[{"a":"np","d":[0,1,2,3,4,5,6],"f":null,"t":null}]}]}