{"zones":[{"line":[[37.80958,-122.41696],[37.8101,-122.41775],[37.81093,-122.419]],"rules":[{"a":"np","d":[0,1,2,3,4,5,6],"f":null,"t":null}]}]}