{"zones":[{"line":[[37.81325,-122.37096],[37.81318,-122.37073],[37.81311,-122.37058],[37.81299,-122.37044],[37.81285,-122.37036],[37.8123,-122.37016],[37.8123,-122.37016],[37.8123,-122.37016],[37.8123,-122.37016],[37.81217,-122.37007],[37.81217,-122.37007],[37.81217,-122.37007],[37.81206,-122.36997],[37.81206,-122.36997],[37.81191,-122.36981]],"rules":[{"a":"np","d":[0,1,2,3,4,5,6],"f":null,"t":null}]},{"line":[[37.8159,-122.37156],[37.81538,-122.3712],[37.81504,-122.37106],[37.81477,-122.37096],[37.81457,-122.37092],[37.81434,-122.3709],[37.81415,-122.37089],[37.81389,-122.37089],[37.81379,-122.3709],[37.8137,-122.37092]],"rules":[{"a":"np","d":[0,1,2,3,4,5,6],"f":null,"t":null}]},{"line":[[37.81184,-122.36984],[37.81173,-122.3693]],"rules":[{"a":"np","d":[0,1,2,3,4,5,6],"f":null,"t":null}]}]}