{"zones":[{"line":[[37.82364,-122.36877],[37.82399,-122.36793]],"rules":[{"a":"np","d":[0,1,2,3,4,5,6],"f":null,"t":null}]},{"line":[[37.82097,-122.36403],[37.82137,-122.3643]],"rules":[{"a":"np","d":[0,1,2,3,4,5,6],"f":null,"t":null}]},{"line":[[37.82303,-122.36843],[37.82271,-122.36822]],"rules":[{"a":"np","d":[0,1,2,3,4,5,6],"f":null,"t":null}]}]}