{"zones":[{"line":[[37.82474,-122.3752],[37.82477,-122.37513]],"rules":[{"a":"np","d":[4],"f":720,"t":840}]}]}