{"zones":[{"line":[[37.82545,-122.36706],[37.82611,-122.36553]],"rules":[{"a":"np","d":[0,1,2,3,4,5,6],"f":null,"t":null}]}]}