{"zones":[{"line":[[37.82946,-122.37609],[37.82938,-122.37628],[37.82932,-122.3764],[37.82925,-122.37652],[37.82925,-122.37652],[37.82925,-122.37652],[37.8292,-122.37659],[37.82913,-122.37667]],"rules":[{"a":"np","d":[0,1,2,3,4,5,6],"f":null,"t":null}]},{"line":[[37.82672,-122.37707],[37.82677,-122.3771],[37.82677,-122.3771],[37.8268,-122.37712],[37.82681,-122.37714]],"rules":[{"a":"np","d":[4],"f":720,"t":840}]}]}