{"zones":[{"line":[[37.83129,-122.37433],[37.83131,-122.37431],[37.83134,-122.37426],[37.83151,-122.37385]],"rules":[{"a":"np","d":[0,1,2,3,4,5,6],"f":null,"t":null}]}]}